bigram;freq;percentile_100;freq10;freq20;freq30-50
aa;3356;4,4;;;LF
aä;43;1,6;;LF;LF
aå;195;2,6;;;LF
äa;21;1,3;;LF;LF
ää;2531;4,2;;;LF
äå;3;0,4;LF;LF;LF
åa;1103;3,6;;;LF
åä;75;1,9;;LF;LF
åå;7800;5,2;;;
ab;40906;6,9;;;
äb;495;3,2;;;LF
åb;3174;4,3;;;LF
ac;62045;7,6;;;HF
äc;21037;6,2;;;
åc;90;2,0;;;LF
ad;384829;9,4;HF;HF;HF
äd;44516;7,1;;;HF
åd;43380;7,0;;;HF
ae;804;3,5;;;LF
äe;214;2,6;;;LF
åe;5452;4,9;;;LF
af;47363;7,2;;;HF
äf;11160;5,5;;;
åf;1747;3,9;;;LF
ag;769171;9,8;HF;HF;HF
äg;105194;8,3;;HF;HF
åg;134058;8,6;;HF;HF
ah;13340;5,8;;;
äh;193;2,5;;;LF
åh;4767;4,7;;;LF
ai;16217;6,0;;;
äi;26;1,4;;LF;LF
åi;26;1,4;;LF;LF
aj;10402;5,5;;;
äj;93;2,0;;;LF
åj;137;2,3;;;LF
ak;157195;8,8;;HF;HF
äk;32964;6,7;;;
åk;38030;6,9;;;
al;378072;9,4;HF;HF;HF
äl;239076;9,1;HF;HF;HF
ål;69574;7,8;;;HF
am;205744;9,0;;HF;HF
äm;55711;7,4;;;HF
åm;2176;4,1;;;LF
an;1059656;9,9;HF;HF;HF
än;389012;9,5;HF;HF;HF
ån;214680;9,0;HF;HF;HF
ao;2779;4,2;;;LF
aö;47;1,7;;LF;LF
äo;12;1,1;;LF;LF
äö;7;0,8;LF;LF;LF
åo;61;1,8;;LF;LF
åö;30;1,5;;LF;LF
ap;71826;7,8;;;HF
äp;12860;5,7;;;
åp;3229;4,4;;;LF
aq;79;2,0;;LF;LF
ar;1418975;10,0;HF;HF;HF
är;795103;9,9;HF;HF;HF
år;240845;9,1;HF;HF;HF
as;264332;9,2;HF;HF;HF
äs;96678;8,2;;HF;HF
ås;46822;7,1;;;HF
at;899110;9,9;HF;HF;HF
ät;143538;8,7;;HF;HF
åt;95054;8,2;;HF;HF
au;12059;5,6;;;
äu;1;0,0;LF;LF;LF
åu;9;0,9;LF;LF;LF
av;217807;9,1;HF;HF;HF
äv;58915;7,5;;;HF
åv;5654;4,9;;;LF
aw;2405;4,2;;;LF
ax;10116;5,4;;;
äx;8065;5,2;;;
åx;3;0,4;LF;LF;LF
ay;12724;5,7;;;
äy;4;0,6;LF;LF;LF
åy;2;0,2;LF;LF;LF
az;1929;3,9;;;LF
åz;11;1,0;LF;LF;LF
ba;217062;9,0;HF;HF;HF
bä;46716;7,1;;;HF
bå;25262;6,4;;;
bb;58539;7,5;;;HF
bc;77;2,0;;LF;LF
bd;544;3,3;;;LF
be;191452;8,9;;HF;HF
bé;16;1,2;;LF;LF
bf;341;3,0;;;LF
bg;124;2,2;;;LF
bh;509;3,2;;;LF
bi;91440;8,1;;HF;HF
bj;12586;5,7;;;
bk;304;2,9;;;LF
bl;217584;9,0;HF;HF;HF
bm;370;3,0;;;LF
bn;517;3,2;;;LF
bo;85848;8,1;;HF;HF
bö;46160;7,1;;;HF
bp;346;3,0;;;LF
bq;31;1,5;;LF;LF
br;119530;8,5;;HF;HF
bs;8830;5,3;;;
bt;6197;5,0;;;
bu;34124;6,8;;;
bv;417;3,1;;;LF
bw;17;1,2;;LF;LF
bx;13;1,1;;LF;LF
by;26777;6,4;;;
bz;1;0,0;LF;LF;LF
ca;26460;6,4;;;
cä;3;0,4;LF;LF;LF
cå;1;0,0;LF;LF;LF
cb;46;1,7;;LF;LF
cc;5110;4,8;;;LF
cd;41;1,6;;LF;LF
ce;48971;7,2;;;HF
cé;382;3,0;;;LF
cf;163;2,4;;;LF
cg;19;1,2;;LF;LF
ch;745141;9,8;HF;HF;HF
ci;41498;7,0;;;
cj;25;1,3;;LF;LF
ck;385609;9,4;HF;HF;HF
cl;4716;4,7;;;LF
cm;3355;4,4;;;LF
cn;258;2,8;;;LF
co;27992;6,5;;;
cp;40;1,6;;LF;LF
cq;105;2,1;;;LF
cr;7235;5,1;;;
cs;625;3,4;;;LF
ct;7935;5,2;;;
cu;4594;4,7;;;LF
cv;24;1,3;;LF;LF
cw;11;1,0;LF;LF;LF
cx;9;0,9;LF;LF;LF
cy;8801;5,3;;;
cz;5;0,7;LF;LF;LF
da;407584;9,5;HF;HF;HF
dä;67514;7,7;;;HF
då;75551;7,9;;;HF
db;6792;5,1;;;
dc;1213;3,7;;;LF
dd;59940;7,6;;;HF
de;1470578;10,0;HF;HF;HF
dé;2859;4,3;;;LF
df;3983;4,6;;;LF
dg;8338;5,3;;;
dh;2946;4,3;;;LF
di;167483;8,8;;HF;HF
dj;14120;5,9;;;
dk;5756;5,0;;;LF
dl;41910;7,0;;;
dm;2813;4,3;;;LF
dn;27562;6,5;;;
do;73724;7,9;;;HF
dö;14137;5,9;;;
dp;3334;4,4;;;LF
dq;30;1,5;;LF;LF
dr;142742;8,7;;HF;HF
ds;42700;7,0;;;HF
dt;5528;4,9;;;LF
du;93315;8,2;;HF;HF
dv;13022;5,7;;;
dw;330;2,9;;;LF
dx;3;0,4;LF;LF;LF
dy;9446;5,4;;;
dz;47;1,7;;LF;LF
ea;37850;6,9;;;
eä;198;2,6;;;LF
eå;270;2,8;;;LF
éa;71;1,9;;LF;LF
éä;2;0,2;LF;LF;LF
éå;1;0,0;LF;LF;LF
eb;29206;6,6;;;
éb;73;1,9;;LF;LF
ec;79686;8,0;;;HF
éc;21;1,3;;LF;LF
ed;431076;9,5;HF;HF;HF
éd;25;1,3;;LF;LF
ee;23659;6,3;;;
eé;114;2,2;;;LF
ée;1719;3,8;;;LF
éé;3;0,4;LF;LF;LF
ef;86265;8,1;;HF;HF
éf;40;1,6;;LF;LF
eg;68056;7,7;;;HF
ég;75;1,9;;LF;LF
eh;41510;7,0;;;
éh;43;1,6;;LF;LF
ei;7090;5,1;;;
éi;7;0,8;LF;LF;LF
ej;31711;6,7;;;
éj;3;0,4;LF;LF;LF
ek;90276;8,1;;HF;HF
ék;35;1,6;;LF;LF
el;379977;9,4;HF;HF;HF
él;87;2,0;;;LF
em;151132;8,7;;HF;HF
ém;144;2,3;;;LF
en;1630490;10,0;HF;HF;HF
én;1469;3,8;;;LF
eo;7631;5,2;;;
eö;125;2,2;;;LF
éo;11;1,0;LF;LF;LF
éö;4;0,6;LF;LF;LF
ep;31719;6,7;;;
ép;65;1,8;;LF;LF
eq;598;3,3;;;LF
er;1440612;10,0;HF;HF;HF
ér;161;2,4;;;LF
es;254459;9,2;HF;HF;HF
és;78;2,0;;LF;LF
et;1052097;9,9;HF;HF;HF
ét;192;2,5;;;LF
eu;4809;4,7;;;LF
éu;29;1,5;;LF;LF
ev;79034;7,9;;;HF
év;76;1,9;;LF;LF
ew;3972;4,6;;;LF
ex;37444;6,8;;;
ey;5007;4,8;;;LF
ez;265;2,8;;;LF
fa;148100;8,7;;HF;HF
fä;38380;6,9;;;
få;109886;8,4;;HF;HF
fb;367;3,0;;;LF
fc;138;2,3;;;LF
fd;99;2,1;;;LF
fe;59786;7,5;;;HF
fé;1174;3,6;;;LF
ff;46970;7,2;;;HF
fg;72;1,9;;LF;LF
fh;170;2,5;;;LF
fi;186646;8,9;;HF;HF
fj;3074;4,3;;;LF
fk;116;2,2;;;LF
fl;58173;7,5;;;HF
fm;287;2,8;;;LF
fn;418;3,1;;;LF
fo;92805;8,1;;HF;HF
fö;452260;9,6;HF;HF;HF
fp;293;2,9;;;LF
fr;196724;8,9;;HF;HF
fs;3364;4,5;;;LF
ft;118057;8,5;;HF;HF
fu;34671;6,8;;;
fv;69;1,9;;LF;LF
fw;11;1,0;LF;LF;LF
fx;6;0,8;LF;LF;LF
fy;18427;6,1;;;
fz;3;0,4;LF;LF;LF
ga;344533;9,4;HF;HF;HF
gä;27466;6,4;;;
gå;131348;8,6;;HF;HF
gb;3717;4,5;;;LF
gc;302;2,9;;;LF
gd;16947;6,0;;;
ge;449425;9,5;HF;HF;HF
gé;4;0,6;LF;LF;LF
gf;2220;4,1;;;LF
gg;133037;8,6;;HF;HF
gh;32886;6,7;;;
gi;80986;8,0;;;HF
gj;29162;6,6;;;
gk;3835;4,5;;;LF
gl;52838;7,4;;;HF
gm;2540;4,2;;;LF
gn;50389;7,3;;;HF
go;155839;8,8;;HF;HF
gö;69842;7,8;;;HF
gp;3355;4,4;;;LF
gq;1;0,0;LF;LF;LF
gr;138232;8,7;;HF;HF
gs;78280;7,9;;;HF
gt;199106;9,0;;HF;HF
gu;19564;6,1;;;
gv;2387;4,1;;;LF
gw;93;2,0;;;LF
gx;2;0,2;LF;LF;LF
gy;8281;5,3;;;
gz;8;0,9;LF;LF;LF
ha;495626;9,6;HF;HF;HF
hä;145008;8,7;;HF;HF
hå;51167;7,3;;;HF
hb;333;2,9;;;LF
hc;95;2,1;;;LF
hd;482;3,2;;;LF
he;306256;9,3;HF;HF;HF
hé;80;2,0;;LF;LF
hf;246;2,7;;;LF
hg;98;2,1;;;LF
hh;619;3,3;;;LF
hi;70381;7,8;;;HF
hj;23716;6,3;;;
hk;292;2,9;;;LF
hl;1020;3,6;;;LF
hm;821;3,5;;;LF
hn;558;3,3;;;LF
ho;140476;8,7;;HF;HF
hö;67895;7,7;;;HF
hp;217;2,7;;;LF
hq;7;0,8;LF;LF;LF
hr;2630;4,2;;;LF
hs;893;3,5;;;LF
ht;7669;5,2;;;
hu;89761;8,1;;HF;HF
hv;473;3,1;;;LF
hw;123;2,2;;;LF
hy;9696;5,4;;;
hz;1;0,0;LF;LF;LF
ia;36193;6,8;;;
iä;1955;4,0;;;LF
iå;115;2,2;;;LF
ib;13420;5,8;;;
ic;104476;8,3;;HF;HF
id;229753;9,1;HF;HF;HF
ie;47071;7,2;;;HF
ié;10;1,0;LF;LF;LF
if;31626;6,6;;;
ig;666784;9,8;HF;HF;HF
ih;17107;6,0;;;
ii;3126;4,3;;;LF
ij;341;3,0;;;LF
ik;169018;8,8;;HF;HF
il;498196;9,6;HF;HF;HF
im;60214;7,6;;;HF
in;1068267;9,9;HF;HF;HF
io;81319;8,0;;;HF
iö;1555;3,8;;;LF
ip;31635;6,7;;;
iq;211;2,6;;;LF
ir;82561;8,0;;HF;HF
is;314423;9,3;HF;HF;HF
it;393456;9,5;HF;HF;HF
iu;2047;4,0;;;LF
iv;119417;8,5;;HF;HF
iw;146;2,4;;;LF
ix;11207;5,6;;;
iy;117;2,2;;;LF
iz;2888;4,3;;;LF
ja;557787;9,7;HF;HF;HF
jä;95270;8,2;;HF;HF
jå;77;2,0;;LF;LF
jb;294;2,9;;;LF
jc;15;1,1;;LF;LF
jd;11609;5,6;;;
je;63729;7,6;;;HF
jé;148;2,4;;;LF
jf;234;2,7;;;LF
jg;250;2,8;;;LF
jh;73;1,9;;LF;LF
ji;1440;3,8;;;LF
jj;436;3,1;;;LF
jk;3588;4,5;;;LF
jl;11824;5,6;;;
jm;484;3,2;;;LF
jn;1521;3,8;;;LF
jo;82349;8,0;;HF;HF
jö;15651;5,9;;;
jp;958;3,6;;;LF
jq;2;0,2;LF;LF;LF
jr;153;2,4;;;LF
js;3957;4,6;;;LF
jt;3828;4,5;;;LF
ju;157458;8,8;;HF;HF
jv;217;2,7;;;LF
jw;4;0,6;LF;LF;LF
jy;140;2,3;;;LF
jz;2;0,2;LF;LF;LF
ka;660298;9,8;HF;HF;HF
kä;92301;8,1;;HF;HF
kå;6325;5,0;;;
kb;3862;4,5;;;LF
kc;766;3,5;;;LF
kd;3400;4,5;;;LF
ke;327615;9,3;HF;HF;HF
ké;191;2,5;;;LF
kf;4485;4,7;;;LF
kg;4571;4,7;;;LF
kh;5030;4,8;;;LF
ki;64668;7,7;;;HF
kj;4192;4,6;;;LF
kk;2633;4,2;;;LF
kl;156198;8,8;;HF;HF
km;4013;4,6;;;LF
kn;58074;7,5;;;HF
ko;305735;9,2;HF;HF;HF
kö;67800;7,7;;;HF
kp;4898;4,8;;;LF
kq;21;1,3;;LF;LF
kr;118537;8,5;;HF;HF
ks;79307;7,9;;;HF
kt;267643;9,2;HF;HF;HF
ku;114456;8,4;;HF;HF
kv;56159;7,4;;;HF
kw;43;1,6;;LF;LF
kx;3;0,4;LF;LF;LF
ky;17805;6,0;;;
kz;100;2,1;;;LF
la;564937;9,7;HF;HF;HF
lä;181546;8,9;;HF;HF
lå;59469;7,5;;;HF
lb;22688;6,3;;;
lc;733;3,4;;;LF
ld;136185;8,6;;HF;HF
le;415806;9,5;HF;HF;HF
lé;989;3,6;;;LF
lf;13578;5,8;;;
lg;20566;6,1;;;
lh;4681;4,7;;;LF
li;613943;9,7;HF;HF;HF
lj;70002;7,8;;;HF
lk;52292;7,3;;;HF
ll;890485;9,9;HF;HF;HF
lm;17890;6,1;;;
ln;26512;6,4;;;
lo;125704;8,6;;HF;HF
lö;43711;7,1;;;HF
lp;19016;6,1;;;
lq;4;0,6;LF;LF;LF
lr;10668;5,5;;;
ls;116671;8,4;;HF;HF
lt;181235;8,9;;HF;HF
lu;83618;8,0;;HF;HF
lv;60026;7,6;;;HF
lw;636;3,4;;;LF
lx;6;0,8;LF;LF;LF
ly;56428;7,5;;;HF
lz;49;1,7;;LF;LF
ma;409478;9,5;HF;HF;HF
mä;45764;7,1;;;HF
må;102328;8,3;;HF;HF
mb;22125;6,3;;;
mc;197;2,6;;;LF
md;8145;5,2;;;
me;669201;9,8;HF;HF;HF
mé;541;3,2;;;LF
mf;13009;5,7;;;
mg;6933;5,1;;;
mh;10175;5,5;;;
mi;351395;9,4;HF;HF;HF
mj;10659;5,5;;;
mk;6337;5,1;;;
ml;31439;6,6;;;
mm;251643;9,2;HF;HF;HF
mn;38195;6,9;;;
mo;115206;8,4;;HF;HF
mö;39121;6,9;;;
mp;45598;7,1;;;HF
mq;6;0,8;LF;LF;LF
mr;10224;5,5;;;
ms;28345;6,5;;;
mt;49460;7,3;;;HF
mu;23601;6,3;;;
mv;2756;4,2;;;LF
mw;94;2,1;;;LF
mx;2;0,2;LF;LF;LF
my;73414;7,9;;;HF
mz;8;0,9;LF;LF;LF
na;562362;9,7;HF;HF;HF
nä;130861;8,6;;HF;HF
nå;101905;8,3;;HF;HF
nb;13040;5,8;;;
nc;20851;6,2;;;
nd;486260;9,6;HF;HF;HF
ne;269236;9,2;HF;HF;HF
né;242;2,7;;;LF
nf;28192;6,5;;;
ng;523622;9,6;HF;HF;HF
nh;13142;5,8;;;
ni;253973;9,2;HF;HF;HF
nj;12202;5,6;;;
nk;95468;8,2;;HF;HF
nl;49238;7,3;;;HF
nm;6282;5,0;;;
nn;319981;9,3;HF;HF;HF
no;106647;8,3;;HF;HF
nö;19740;6,1;;;
np;6151;5,0;;;
nq;34;1,6;;LF;LF
nr;8166;5,2;;;
ns;337862;9,4;HF;HF;HF
nt;467703;9,6;HF;HF;HF
nu;107153;8,3;;HF;HF
nv;27545;6,5;;;
nw;194;2,5;;;LF
nx;64;1,8;;LF;LF
ny;73622;7,9;;;HF
nz;358;3,0;;;LF
oa;10657;5,5;;;
oä;1857;3,9;;;LF
oå;192;2,5;;;LF
öa;1343;3,7;;;LF
öä;34;1,6;;LF;LF
öå;4;0,6;LF;LF;LF
ob;58001;7,5;;;HF
öb;2201;4,1;;;LF
oc;781842;9,8;HF;HF;HF
öc;4265;4,6;;;LF
od;71516;7,8;;;HF
öd;29838;6,6;;;
oe;7756;5,2;;;
oé;1;0,0;LF;LF;LF
öe;831;3,5;;;LF
of;49610;7,3;;;HF
öf;1806;3,9;;;LF
og;98649;8,2;;HF;HF
ög;27844;6,5;;;
oh;4868;4,7;;;LF
öh;284;2,8;;;LF
oi;5566;4,9;;;LF
öi;172;2,5;;;LF
oj;10499;5,5;;;
öj;28764;6,6;;;
ok;54137;7,4;;;HF
ök;45721;7,1;;;HF
ol;166918;8,8;;HF;HF
öl;26495;6,4;;;
om;788745;9,8;HF;HF;HF
öm;20668;6,2;;;
on;326600;9,3;HF;HF;HF
ön;47076;7,2;;;HF
oo;23156;6,3;;;
oö;246;2,7;;;LF
öo;214;2,6;;;LF
öö;1254;3,7;;;LF
op;97610;8,2;;HF;HF
öp;33905;6,8;;;
oq;25;1,3;;LF;LF
or;457716;9,6;HF;HF;HF
ör;627449;9,7;HF;HF;HF
os;114836;8,4;;HF;HF
ös;31654;6,7;;;
ot;170129;8,8;;HF;HF
öt;46416;7,1;;;HF
ou;37824;6,9;;;
öu;30;1,5;;LF;LF
ov;55238;7,4;;;HF
öv;85231;8,1;;HF;HF
ow;15090;5,9;;;
öw;7;0,8;LF;LF;LF
ox;5792;5,0;;;LF
öx;2;0,2;LF;LF;LF
oy;1306;3,7;;;LF
öy;17;1,2;;LF;LF
oz;641;3,4;;;LF
öz;1;0,0;LF;LF;LF
pa;188112;8,9;;HF;HF
pä;9619;5,4;;;
på;418590;9,5;HF;HF;HF
pb;1978;4,0;;;LF
pc;1189;3,7;;;LF
pd;4872;4,8;;;LF
pe;160332;8,8;;HF;HF
pé;124;2,2;;;LF
pf;5097;4,8;;;LF
pg;6495;5,1;;;
ph;4233;4,6;;;LF
pi;41282;7,0;;;
pj;695;3,4;;;LF
pk;1236;3,7;;;LF
pl;76671;7,9;;;HF
pm;3473;4,5;;;LF
pn;14016;5,9;;;
po;63709;7,6;;;HF
pö;1362;3,7;;;LF
pp;231445;9,1;HF;HF;HF
pr;137577;8,6;;HF;HF
ps;32384;6,7;;;
pt;34389;6,8;;;
pu;21985;6,2;;;
pv;2135;4,0;;;LF
pw;180;2,5;;;LF
px;5;0,7;LF;LF;LF
py;5208;4,8;;;LF
pz;20;1,2;;LF;LF
qa;4;0,6;LF;LF;LF
qd;4;0,6;LF;LF;LF
qe;5;0,7;LF;LF;LF
qg;2;0,2;LF;LF;LF
qi;5;0,7;LF;LF;LF
ql;11;1,0;LF;LF;LF
qm;2;0,2;LF;LF;LF
qn;2;0,2;LF;LF;LF
qo;7;0,8;LF;LF;LF
qp;2;0,2;LF;LF;LF
qq;1;0,0;LF;LF;LF
qr;3;0,4;LF;LF;LF
qs;3;0,4;LF;LF;LF
qt;1;0,0;LF;LF;LF
qu;3226;4,4;;;LF
qv;20;1,2;;LF;LF
qx;1;0,0;LF;LF;LF
qy;1;0,0;LF;LF;LF
ra;789749;9,9;HF;HF;HF
rä;143284;8,7;;HF;HF
rå;125524;8,5;;HF;HF
rb;48172;7,2;;;HF
rc;3221;4,4;;;LF
rd;119548;8,5;;HF;HF
re;524740;9,7;HF;HF;HF
ré;1210;3,7;;;LF
rf;36971;6,8;;;
rg;67260;7,7;;;HF
rh;18027;6,1;;;
ri;334972;9,3;HF;HF;HF
rj;52114;7,3;;;HF
rk;122615;8,5;;HF;HF
rl;67853;7,7;;;HF
rm;68499;7,7;;;HF
rn;191490;8,9;;HF;HF
ro;209646;9,0;;HF;HF
rö;60736;7,6;;;HF
rp;8477;5,3;;;
rq;15;1,1;;LF;LF
rr;55560;7,4;;;HF
rs;195776;8,9;;HF;HF
rt;230103;9,1;HF;HF;HF
ru;113392;8,4;;HF;HF
rv;33743;6,7;;;
rw;848;3,5;;;LF
rx;64;1,8;;LF;LF
ry;52587;7,4;;;HF
rz;29;1,5;;LF;LF
sa;306643;9,3;HF;HF;HF
sä;96170;8,2;;HF;HF
så;355290;9,4;HF;HF;HF
sb;14785;5,9;;;
sc;20967;6,2;;;
sd;13742;5,8;;;
se;308217;9,3;HF;HF;HF
sé;444;3,1;;;LF
sf;15856;5,9;;;
sg;5759;5,0;;;LF
sh;29401;6,6;;;
si;234863;9,1;HF;HF;HF
sj;59637;7,5;;;HF
sk;548530;9,7;HF;HF;HF
sl;104472;8,3;;HF;HF
sm;70364;7,8;;;HF
sn;71655;7,8;;;HF
so;458982;9,6;HF;HF;HF
sö;48680;7,2;;;HF
sp;101640;8,2;;HF;HF
sq;616;3,3;;;LF
sr;9497;5,4;;;
ss;207890;9,0;;HF;HF
st;738332;9,8;HF;HF;HF
su;50346;7,3;;;HF
sv;75675;7,9;;;HF
sw;1688;3,8;;;LF
sx;2;0,2;LF;LF;LF
sy;28531;6,6;;;
sz;144;2,3;;;LF
ta;700365;9,8;HF;HF;HF
tä;112356;8,4;;HF;HF
tå;43109;7,0;;;HF
tb;14307;5,9;;;
tc;6681;5,1;;;
td;3354;4,4;;;LF
te;920710;9,9;HF;HF;HF
té;939;3,6;;;LF
tf;23173;6,3;;;
tg;6021;5,0;;;LF
th;80367;8,0;;;HF
ti;634488;9,7;HF;HF;HF
tj;23444;6,3;;;
tk;8620;5,3;;;
tl;34949;6,8;;;
tm;11629;5,6;;;
tn;30608;6,6;;;
to;187279;8,9;;HF;HF
tö;26526;6,4;;;
tp;5493;4,9;;;LF
tq;9;0,9;LF;LF;LF
tr;258586;9,2;HF;HF;HF
ts;133345;8,6;;HF;HF
tt;1097106;10,0;HF;HF;HF
tu;68216;7,7;;;HF
tv;54624;7,4;;;HF
tw;2244;4,1;;;LF
tx;5;0,7;LF;LF;LF
ty;81595;8,0;;HF;HF
tz;317;2,9;;;LF
ua;11456;5,6;;;
uä;11;1,0;LF;LF;LF
uå;45;1,7;;LF;LF
ub;17483;6,0;;;
uc;10629;5,5;;;
ud;43089;7,0;;;HF
ue;9427;5,4;;;
ué;2;0,2;LF;LF;LF
uf;9928;5,4;;;
ug;36191;6,8;;;
uh;677;3,4;;;LF
ui;5224;4,8;;;LF
uj;144;2,3;;;LF
uk;62911;7,6;;;HF
ul;127389;8,6;;HF;HF
um;50433;7,3;;;HF
un;212216;9,0;HF;HF;HF
uo;433;3,1;;;LF
uö;14;1,1;;LF;LF
up;117329;8,5;;HF;HF
uq;21;1,3;;LF;LF
ur;114144;8,4;;HF;HF
us;109003;8,4;;HF;HF
ut;245028;9,1;HF;HF;HF
uu;1955;4,0;;;LF
uv;13013;5,7;;;
uw;25;1,3;;LF;LF
ux;3756;4,5;;;LF
uy;562;3,3;;;LF
uz;185;2,5;;;LF
va;496462;9,6;HF;HF;HF
vä;237084;9,1;HF;HF;HF
vå;83137;8,0;;HF;HF
vb;2354;4,1;;;LF
vc;141;2,3;;;LF
vd;6928;5,1;;;
ve;329563;9,3;HF;HF;HF
vé;66;1,8;;LF;LF
vf;1728;3,9;;;LF
vg;1975;4,0;;;LF
vh;863;3,5;;;LF
vi;395589;9,5;HF;HF;HF
vj;2012;4,0;;;LF
vk;5754;4,9;;;LF
vl;28242;6,5;;;
vm;2676;4,2;;;LF
vn;8960;5,4;;;
vo;21177;6,2;;;
vö;1430;3,8;;;LF
vp;433;3,1;;;LF
vq;1;0,0;LF;LF;LF
vr;9818;5,4;;;
vs;28333;6,5;;;
vt;13007;5,7;;;
vu;16557;6,0;;;
vv;2249;4,1;;;LF
vw;1;0,0;LF;LF;LF
vy;634;3,4;;;LF
vz;2;0,2;LF;LF;LF
wa;12413;5,7;;;
wä;9;0,9;LF;LF;LF
wå;23;1,3;;LF;LF
wb;278;2,8;;;LF
wc;31;1,5;;LF;LF
wd;350;3,0;;;LF
we;16038;6,0;;;
wf;85;2,0;;LF;LF
wg;18;1,2;;LF;LF
wh;8200;5,3;;;
wi;13145;5,8;;;
wj;51;1,7;;LF;LF
wk;28;1,4;;LF;LF
wl;583;3,3;;;LF
wm;60;1,8;;LF;LF
wn;2907;4,3;;;LF
wo;7485;5,2;;;
wö;29;1,5;;LF;LF
wp;29;1,5;;LF;LF
wr;1067;3,6;;;LF
ws;1121;3,6;;;LF
wt;230;2,7;;;LF
wu;23;1,3;;LF;LF
wv;3;0,4;LF;LF;LF
ww;66;1,8;;LF;LF
wy;60;1,8;;LF;LF
xa;14077;5,9;;;
xä;2;0,2;LF;LF;LF
xå;523;3,2;;;LF
xb;221;2,7;;;LF
xc;693;3,4;;;LF
xd;133;2,3;;;LF
xe;11822;5,6;;;
xé;5;0,7;LF;LF;LF
xf;528;3,2;;;LF
xg;57;1,7;;LF;LF
xh;196;2,6;;;LF
xi;5421;4,8;;;LF
xj;128;2,3;;;LF
xk;650;3,4;;;LF
xl;1949;3,9;;;LF
xm;136;2,3;;;LF
xn;1718;3,8;;;LF
xo;5673;4,9;;;LF
xö;13;1,1;;LF;LF
xp;4118;4,6;;;LF
xq;5;0,7;LF;LF;LF
xr;98;2,1;;;LF
xs;205;2,6;;;LF
xt;19732;6,1;;;
xu;819;3,5;;;LF
xv;217;2,7;;;LF
xw;6;0,8;LF;LF;LF
xx;144;2,3;;;LF
xy;136;2,3;;;LF
xz;1;0,0;LF;LF;LF
ya;23543;6,3;;;
yä;9;0,9;LF;LF;LF
yå;1760;3,9;;;LF
yb;2044;4,0;;;LF
yc;107085;8,3;;HF;HF
yd;20581;6,2;;;
ye;5812;5,0;;;LF
yf;8289;5,3;;;
yg;41352;7,0;;;
yh;3146;4,3;;;LF
yi;1184;3,6;;;LF
yj;526;3,2;;;LF
yk;17084;6,0;;;
yl;25567;6,4;;;
ym;18258;6,1;;;
yn;20870;6,2;;;
yo;12253;5,7;;;
yö;101;2,1;;;LF
yp;13868;5,8;;;
yr;26537;6,4;;;
ys;47334;7,2;;;HF
yt;40219;6,9;;;
yu;232;2,7;;;LF
yv;4449;4,6;;;LF
yw;287;2,8;;;LF
yx;5481;4,9;;;LF
yy;452;3,1;;;LF
yz;26;1,4;;LF;LF
za;2153;4,1;;;LF
zä;5;0,7;LF;LF;LF
zb;13;1,1;;LF;LF
zc;2;0,2;LF;LF;LF
zd;2;0,2;LF;LF;LF
ze;1845;3,9;;;LF
zg;1;0,0;LF;LF;LF
zh;13;1,1;;LF;LF
zi;1726;3,9;;;LF
zj;1;0,0;LF;LF;LF
zk;17;1,2;;LF;LF
zl;58;1,8;;LF;LF
zm;22;1,3;;LF;LF
zn;27;1,4;;LF;LF
zo;1467;3,8;;;LF
zö;3;0,4;LF;LF;LF
zp;8;0,9;LF;LF;LF
zr;1;0,0;LF;LF;LF
zs;5;0,7;LF;LF;LF
zt;28;1,4;;LF;LF
zu;348;3,0;;;LF
zv;3;0,4;LF;LF;LF
zw;7;0,8;LF;LF;LF
zx;1;0,0;LF;LF;LF
zy;563;3,3;;;LF
zz;2237;4,1;;;LF