bigram;adjacent;repetitive;hand
aa;0;1;LL
ab;0;0;
ac;0;0;LL
ad;0;0;LL
ae;0;0;LL
af;0;0;LL
ag;0;0;
ah;0;0;
ai;0;0;LR
aj;0;0;LR
ak;0;0;LR
al;0;0;LR
am;0;0;LR
an;0;0;LR
ao;0;0;LR
ap;0;0;LR
aq;1;0;LL
ar;0;0;LL
as;1;0;LL
at;0;0;
au;0;0;LR
av;0;0;LL
aw;1;0;LL
ax;0;0;LL
ay;1;0;LL
az;0;0;
ba;0;0;
bb;0;1;
bc;0;0;
bd;0;0;
be;0;0;
bf;0;0;
bg;1;0;
bh;1;0;
bi;0;0;
bj;0;0;
bk;0;0;
bl;0;0;
bm;0;0;
bn;1;0;
bo;0;0;
bp;0;0;
bq;0;0;
br;0;0;
bs;0;0;
bt;0;0;
bu;0;0;
bv;1;0;
bw;0;0;
bx;0;0;
by;0;0;
bz;0;0;
ca;0;0;LL
cb;0;0;
cc;0;1;LL
cd;1;0;LL
ce;0;0;LL
cf;1;0;LL
cg;0;0;
ch;0;0;
ci;0;0;LR
cj;0;0;LR
ck;0;0;LR
cl;0;0;LR
cm;0;0;LR
cn;0;0;LR
co;0;0;LR
cp;0;0;LR
cq;0;0;LL
cr;0;0;LL
cs;0;0;LL
ct;0;0;
cu;0;0;LR
cv;1;0;LL
cw;0;0;LL
cx;1;0;LL
cy;0;0;LL
cz;0;0;
da;0;0;LL
db;0;0;
dc;1;0;LL
dd;0;1;LL
de;1;0;LL
df;1;0;LL
dg;0;0;
dh;0;0;
di;0;0;LR
dj;0;0;LR
dk;0;0;LR
dl;0;0;LR
dm;0;0;LR
dn;0;0;LR
do;0;0;LR
dp;0;0;LR
dq;0;0;LL
dr;1;0;LL
ds;1;0;LL
dt;0;0;
du;0;0;LR
dv;0;0;LL
dw;0;0;LL
dx;1;0;LL
dy;0;0;LL
dz;0;0;
ea;0;0;LL
eb;0;0;
ec;0;0;LL
ed;1;0;LL
ee;0;1;LL
ef;0;0;LL
eg;0;0;
eh;0;0;
ei;0;0;LR
ej;0;0;LR
ek;0;0;LR
el;0;0;LR
em;0;0;LR
en;0;0;LR
eo;0;0;LR
ep;0;0;LR
eq;0;0;LL
er;1;0;LL
es;1;0;LL
et;0;0;
eu;0;0;LR
ev;0;0;LL
ew;1;0;LL
ex;0;0;LL
ey;0;0;LL
ez;0;0;
fa;0;0;LL
fb;0;0;
fc;1;0;LL
fd;1;0;LL
fe;0;0;LL
ff;0;1;LL
fg;1;0;
fh;0;0;
fi;0;0;LR
fj;0;0;LR
fk;0;0;LR
fl;0;0;LR
fm;0;0;LR
fn;0;0;LR
fo;0;0;LR
fp;0;0;LR
fq;0;0;LL
fr;1;0;LL
fs;0;0;LL
ft;0;0;
fu;0;0;LR
fv;1;0;LL
fw;0;0;LL
fx;0;0;LL
fy;0;0;LL
fz;1;0;
ga;0;0;
gb;1;0;
gc;0;0;
gd;0;0;
ge;0;0;
gf;1;0;
gg;0;1;
gh;1;0;
gi;0;0;
gj;0;0;
gk;0;0;
gl;0;0;
gm;0;0;
gn;0;0;
go;0;0;
gp;0;0;
gq;0;0;
gr;0;0;
gs;0;0;
gt;0;0;
gu;0;0;
gv;1;0;
gw;0;0;
gx;0;0;
gy;1;0;
gz;1;0;
ha;0;0;
hb;1;0;
hc;0;0;
hd;0;0;
he;0;0;
hf;0;0;
hg;1;0;
hh;0;1;
hi;0;0;
hj;1;0;
hk;0;0;
hl;0;0;
hm;0;0;
hn;1;0;
ho;0;0;
hp;0;0;
hq;0;0;
hr;0;0;
hs;0;0;
ht;0;0;
hu;1;0;
hv;0;0;
hw;0;0;
hx;0;0;
hy;1;0;
hz;0;0;
ia;0;0;RL
ib;0;0;
ic;0;0;RL
id;0;0;RL
ie;0;0;RL
if;0;0;RL
ig;0;0;
ih;0;0;
ii;0;1;RR
ij;1;0;RR
ik;1;0;RR
il;0;0;RR
im;0;0;RR
in;0;0;RR
io;1;0;RR
ip;0;0;RR
iq;0;0;RL
ir;0;0;RL
is;0;0;RL
it;0;0;
iu;1;0;RR
iv;0;0;RL
iw;0;0;RL
ix;0;0;RL
iy;0;0;RL
iz;0;0;
ja;0;0;RL
jb;0;0;
jc;0;0;RL
jd;0;0;RL
je;0;0;RL
jf;0;0;RL
jg;0;0;
jh;1;0;
ji;1;0;RR
jj;0;1;RR
jk;1;0;RR
jl;0;0;RR
jm;1;0;RR
jn;1;0;RR
jo;0;0;RR
jp;0;0;RR
jq;0;0;RL
jr;0;0;RL
js;0;0;RL
jt;0;0;
ju;1;0;RR
jv;0;0;RL
jw;0;0;RL
jx;0;0;RL
jy;0;0;RL
jz;0;0;
ka;0;0;RL
kb;0;0;
kc;0;0;RL
kd;0;0;RL
ke;0;0;RL
kf;0;0;RL
kg;0;0;
kh;0;0;
ki;1;0;RR
kj;1;0;RR
kk;0;1;RR
kl;1;0;RR
km;1;0;RR
kn;0;0;RR
ko;1;0;RR
kp;0;0;RR
kq;0;0;RL
kr;0;0;RL
ks;0;0;RL
kt;0;0;
ku;0;0;RR
kv;0;0;RL
kw;0;0;RL
kx;0;0;RL
ky;0;0;RL
kz;0;0;
la;0;0;RL
lb;0;0;
lc;0;0;RL
ld;0;0;RL
le;0;0;RL
lf;0;0;RL
lg;0;0;
lh;0;0;
li;0;0;RR
lj;0;0;RR
lk;1;0;RR
ll;0;1;RR
lm;0;0;RR
ln;0;0;RR
lo;1;0;RR
lp;1;0;RR
lq;0;0;RL
lr;0;0;RL
ls;0;0;RL
lt;0;0;
lu;0;0;RR
lv;0;0;RL
lw;0;0;RL
lx;0;0;RL
ly;0;0;RL
lz;0;0;
ma;0;0;RL
mb;0;0;
mc;0;0;RL
md;0;0;RL
me;0;0;RL
mf;0;0;RL
mg;0;0;
mh;0;0;
mi;0;0;RR
mj;1;0;RR
mk;1;0;RR
ml;0;0;RR
mm;0;1;RR
mn;1;0;RR
mo;0;0;RR
mp;0;0;RR
mq;0;0;RL
mr;0;0;RL
ms;0;0;RL
mt;0;0;
mu;0;0;RR
mv;0;0;RL
mw;0;0;RL
mx;0;0;RL
my;0;0;RL
mz;0;0;
na;0;0;RL
nb;1;0;
nc;0;0;RL
nd;0;0;RL
ne;0;0;RL
nf;0;0;RL
ng;0;0;
nh;1;0;
ni;0;0;RR
nj;1;0;RR
nk;0;0;RR
nl;0;0;RR
nm;1;0;RR
nn;0;1;RR
no;0;0;RR
np;0;0;RR
nq;0;0;RL
nr;0;0;RL
ns;0;0;RL
nt;0;0;
nu;0;0;RR
nv;0;0;RL
nw;0;0;RL
nx;0;0;RL
ny;0;0;RL
nz;0;0;
oa;0;0;RL
ob;0;0;
oc;0;0;RL
od;0;0;RL
oe;0;0;RL
of;0;0;RL
og;0;0;
oh;0;0;
oi;1;0;RR
oj;0;0;RR
ok;1;0;RR
ol;1;0;RR
om;0;0;RR
on;0;0;RR
oo;0;1;RR
op;1;0;RR
oq;0;0;RL
or;0;0;RL
os;0;0;RL
ot;0;0;
ou;0;0;RR
ov;0;0;RL
ow;0;0;RL
ox;0;0;RL
oy;0;0;RL
oz;0;0;
pa;0;0;RL
pb;0;0;
pc;0;0;RL
pd;0;0;RL
pe;0;0;RL
pf;0;0;RL
pg;0;0;
ph;0;0;
pi;0;0;RR
pj;0;0;RR
pk;0;0;RR
pl;1;0;RR
pm;0;0;RR
pn;0;0;RR
po;1;0;RR
pp;0;1;RR
pq;0;0;RL
pr;0;0;RL
ps;0;0;RL
pt;0;0;
pu;0;0;RR
pv;0;0;RL
pw;0;0;RL
px;0;0;RL
py;0;0;RL
pz;0;0;
qa;1;0;LL
qb;0;0;
qc;0;0;LL
qd;0;0;LL
qe;0;0;LL
qf;0;0;LL
qg;0;0;
qh;0;0;
qi;0;0;LR
qj;0;0;LR
qk;0;0;LR
ql;0;0;LR
qm;0;0;LR
qn;0;0;LR
qo;0;0;LR
qp;0;0;LR
qq;0;1;LL
qr;0;0;LL
qs;0;0;LL
qt;0;0;
qu;0;0;LR
qv;0;0;LL
qw;1;0;LL
qx;0;0;LL
qy;0;0;LL
qz;0;0;
ra;0;0;LL
rb;0;0;
rc;0;0;LL
rd;1;0;LL
re;1;0;LL
rf;1;0;LL
rg;0;0;
rh;0;0;
ri;0;0;LR
rj;0;0;LR
rk;0;0;LR
rl;0;0;LR
rm;0;0;LR
rn;0;0;LR
ro;0;0;LR
rp;0;0;LR
rq;0;0;LL
rr;0;1;LL
rs;0;0;LL
rt;0;0;
ru;0;0;LR
rv;0;0;LL
rw;0;0;LL
rx;0;0;LL
ry;0;0;LL
rz;1;0;
sa;1;0;LL
sb;0;0;
sc;0;0;LL
sd;1;0;LL
se;1;0;LL
sf;0;0;LL
sg;0;0;
sh;0;0;
si;0;0;LR
sj;0;0;LR
sk;0;0;LR
sl;0;0;LR
sm;0;0;LR
sn;0;0;LR
so;0;0;LR
sp;0;0;LR
sq;0;0;LL
sr;0;0;LL
ss;0;1;LL
st;0;0;
su;0;0;LR
sv;0;0;LL
sw;1;0;LL
sx;1;0;LL
sy;1;0;LL
sz;0;0;
ta;0;0;
tb;0;0;
tc;0;0;
td;0;0;
te;0;0;
tf;0;0;
tg;0;0;
th;0;0;
ti;0;0;
tj;0;0;
tk;0;0;
tl;0;0;
tm;0;0;
tn;0;0;
to;0;0;
tp;0;0;
tq;0;0;
tr;0;0;
ts;0;0;
tt;0;1;
tu;0;0;
tv;0;0;
tw;0;0;
tx;0;0;
ty;0;0;
tz;0;0;
ua;0;0;RL
ub;0;0;
uc;0;0;RL
ud;0;0;RL
ue;0;0;RL
uf;0;0;RL
ug;0;0;
uh;1;0;
ui;1;0;RR
uj;1;0;RR
uk;0;0;RR
ul;0;0;RR
um;0;0;RR
un;0;0;RR
uo;0;0;RR
up;0;0;RR
uq;0;0;RL
ur;0;0;RL
us;0;0;RL
ut;0;0;
uu;0;1;RR
uv;0;0;RL
uw;0;0;RL
ux;0;0;RL
uy;1;0;RL
uz;0;0;
va;0;0;LL
vb;1;0;
vc;1;0;LL
vd;0;0;LL
ve;0;0;LL
vf;1;0;LL
vg;1;0;
vh;0;0;
vi;0;0;LR
vj;0;0;LR
vk;0;0;LR
vl;0;0;LR
vm;0;0;LR
vn;0;0;LR
vo;0;0;LR
vp;0;0;LR
vq;0;0;LL
vr;0;0;LL
vs;0;0;LL
vt;0;0;
vu;0;0;LR
vv;0;1;LL
vw;0;0;LL
vx;0;0;LL
vy;0;0;LL
vz;0;0;
wa;1;0;LL
wb;0;0;
wc;0;0;LL
wd;0;0;LL
we;1;0;LL
wf;0;0;LL
wg;0;0;
wh;0;0;
wi;0;0;LR
wj;0;0;LR
wk;0;0;LR
wl;0;0;LR
wm;0;0;LR
wn;0;0;LR
wo;0;0;LR
wp;0;0;LR
wq;1;0;LL
wr;0;0;LL
ws;1;0;LL
wt;0;0;
wu;0;0;LR
wv;0;0;LL
ww;0;1;LL
wx;0;0;LL
wy;0;0;LL
wz;0;0;
xa;0;0;LL
xb;0;0;
xc;1;0;LL
xd;1;0;LL
xe;0;0;LL
xf;0;0;LL
xg;0;0;
xh;0;0;
xi;0;0;LR
xj;0;0;LR
xk;0;0;LR
xl;0;0;LR
xm;0;0;LR
xn;0;0;LR
xo;0;0;LR
xp;0;0;LR
xq;0;0;LL
xr;0;0;LL
xs;1;0;LL
xt;0;0;
xu;0;0;LR
xv;0;0;LL
xw;0;0;LL
xx;0;1;LL
xy;1;0;LL
xz;0;0;
ya;1;0;LL
yb;0;0;
yc;0;0;LL
yd;0;0;LL
ye;0;0;LL
yf;0;0;LL
yg;1;0;
yh;1;0;
yi;0;0;LR
yj;0;0;LR
yk;0;0;LR
yl;0;0;LR
ym;0;0;LR
yn;0;0;LR
yo;0;0;LR
yp;0;0;LR
yq;0;0;LL
yr;0;0;LL
ys;1;0;LL
yt;0;0;
yu;1;0;LR
yv;0;0;LL
yw;0;0;LL
yx;1;0;LL
yy;0;1;LL
yz;1;0;
za;0;0;
zb;0;0;
zc;0;0;
zd;0;0;
ze;0;0;
zf;1;0;
zg;1;0;
zh;0;0;
zi;0;0;
zj;0;0;
zk;0;0;
zl;0;0;
zm;0;0;
zn;0;0;
zo;0;0;
zp;0;0;
zq;0;0;
zr;1;0;
zs;0;0;
zt;0;0;
zu;0;0;
zv;0;0;
zw;0;0;
zx;0;0;
zy;1;0;
zz;0;1;
ää;0;1;RR